lead_time,booking_changes,is_canceled
5,0,0.19884884
15,3,0.0066286577
102,0,0.46827003
336,0,0.69094425
304,0,0.6678056
